{
  "skill": {
    "precision": 0.0,
    "recall": 0.0,
    "f1-score": 0.0,
    "support": 13,
    "confused_with": {
      "name": 5,
      "conditionfirst": 1
    }
  },
  "conditionfirst": {
    "precision": 0.9985994397759104,
    "recall": 0.9727148703956344,
    "f1-score": 0.985487214927436,
    "support": 733,
    "confused_with": {}
  },
  "humidity": {
    "precision": 0.0,
    "recall": 0.0,
    "f1-score": 0.0,
    "support": 6,
    "confused_with": {
      "conditionsecond": 4
    }
  },
  "benefit": {
    "precision": 1.0,
    "recall": 0.375,
    "f1-score": 0.5454545454545454,
    "support": 16,
    "confused_with": {
      "conditionsecond": 8,
      "name": 2
    }
  },
  "name": {
    "precision": 0.125,
    "recall": 0.07692307692307693,
    "f1-score": 0.09523809523809525,
    "support": 13,
    "confused_with": {
      "skill": 5,
      "nametree": 5
    }
  },
  "growthtime": {
    "precision": 1.0,
    "recall": 0.4444444444444444,
    "f1-score": 0.6153846153846153,
    "support": 9,
    "confused_with": {
      "conditionsecond": 5
    }
  },
  "landtype": {
    "precision": 0.5,
    "recall": 0.14285714285714285,
    "f1-score": 0.22222222222222224,
    "support": 14,
    "confused_with": {
      "conditionsecond": 10,
      "species": 2
    }
  },
  "conditionsecond": {
    "precision": 0.9342105263157895,
    "recall": 0.9726027397260274,
    "f1-score": 0.9530201342281879,
    "support": 730,
    "confused_with": {}
  },
  "typetree": {
    "precision": 0.9855072463768116,
    "recall": 0.9714285714285714,
    "f1-score": 0.9784172661870504,
    "support": 140,
    "confused_with": {
      "species": 2,
      "landtype": 2
    }
  },
  "nametree": {
    "precision": 0.9710982658959537,
    "recall": 1.0,
    "f1-score": 0.9853372434017595,
    "support": 168,
    "confused_with": {}
  },
  "species": {
    "precision": 0.0,
    "recall": 0.0,
    "f1-score": 0.0,
    "support": 25,
    "confused_with": {
      "conditionsecond": 23,
      "typetree": 2
    }
  },
  "micro avg": {
    "precision": 0.9581497797356828,
    "recall": 0.9319764327798608,
    "f1-score": 0.9448818897637795,
    "support": 1867
  },
  "macro avg": {
    "precision": 0.592219588942224,
    "recall": 0.45054280416135434,
    "f1-score": 0.48914193973126474,
    "support": 1867
  },
  "weighted avg": {
    "precision": 0.9366296715209118,
    "recall": 0.9319764327798608,
    "f1-score": 0.9315462460101825,
    "support": 1867
  }
}