{
  "species": {
    "precision": 0.0,
    "recall": 0.0,
    "f1-score": 0.0,
    "support": 29,
    "confused_with": {
      "conditionfirst": 29
    }
  },
  "growthtime": {
    "precision": 0.0,
    "recall": 0.0,
    "f1-score": 0.0,
    "support": 9,
    "confused_with": {
      "conditionfirst": 5,
      "conditionsecond": 4
    }
  },
  "skill": {
    "precision": 0.0,
    "recall": 0.0,
    "f1-score": 0.0,
    "support": 17,
    "confused_with": {
      "nametree": 12,
      "typetree": 5
    }
  },
  "name": {
    "precision": 0.0,
    "recall": 0.0,
    "f1-score": 0.0,
    "support": 17,
    "confused_with": {
      "nametree": 17
    }
  },
  "benefit": {
    "precision": 0.0,
    "recall": 0.0,
    "f1-score": 0.0,
    "support": 20,
    "confused_with": {
      "conditionfirst": 13,
      "conditionsecond": 4,
      "nametree": 3
    }
  },
  "nametree": {
    "precision": 0.8406374501992032,
    "recall": 0.9768518518518519,
    "f1-score": 0.9036402569593148,
    "support": 216,
    "confused_with": {}
  },
  "landtype": {
    "precision": 0.0,
    "recall": 0.0,
    "f1-score": 0.0,
    "support": 18,
    "confused_with": {
      "conditionfirst": 18
    }
  },
  "conditionfirst": {
    "precision": 0.9121900826446281,
    "recall": 0.9713971397139713,
    "f1-score": 0.9408630793819925,
    "support": 909,
    "confused_with": {
      "conditionsecond": 26
    }
  },
  "conditionsecond": {
    "precision": 0.9616613418530351,
    "recall": 0.9923076923076923,
    "f1-score": 0.9767441860465116,
    "support": 910,
    "confused_with": {
      "conditionfirst": 7
    }
  },
  "humidity": {
    "precision": 0.0,
    "recall": 0.0,
    "f1-score": 0.0,
    "support": 8,
    "confused_with": {
      "conditionfirst": 6,
      "conditionsecond": 2
    }
  },
  "typetree": {
    "precision": 0.9135135135135135,
    "recall": 0.7412280701754386,
    "f1-score": 0.8184019370460047,
    "support": 228,
    "confused_with": {
      "conditionfirst": 5
    }
  },
  "micro avg": {
    "precision": 0.9244558258642765,
    "recall": 0.9097018059638807,
    "f1-score": 0.9170194750211685,
    "support": 2381
  },
  "macro avg": {
    "precision": 0.32981839892821635,
    "recall": 0.3347077049135413,
    "f1-score": 0.3308772235848931,
    "support": 2381
  },
  "weighted avg": {
    "precision": 0.8795259876246695,
    "recall": 0.9097018059638807,
    "f1-score": 0.8928448910584872,
    "support": 2381
  }
}